{
    "sound.a": {
        "sounds": [
            {
                "name": "example:sound_a",
                "stream": false
            }
        ]
    },
    "sound.b": {
        "sounds": [
            {
                "name": "example:sound_b",
                "stream": true
            }
        ]
    },
    "custom.sound.a": {
        "sounds": [
            {
                "name": "example:custom/sound_a",
                "stream": false
            }
        ]
    },
    "custom.sound.b": {
        "sounds": [
            {
                "name": "example:custom/sound_b",
                "stream": true
            }
        ]
    },
    "sound.ab": {
        "subtitle": "字幕",
        "sounds": [
            {
                "name": "example:sound_a",
                "stream": false
            },
            {
                "name": "example:sound_b",
                "stream": true
            }
        ]
    }
}